﻿Designator,Footprint,Quantity,Value,LCSC Part #
"C1, C2",CP_Radial_D6.3mm_P2.50mm,2,47uF,
"C3, C4, C5, C6, C7, C8, C9",0805,7,100nF,
"D3, D4",D_SOD-323_HandSoldering,2,1N5819WS,
H1,IDC-Header_2x05_P2.54mm_Vertical,1,Conn_02x05_PWR_Eurorack,
"J1, J2, J3, J4",Jack_3.5mm_QingPu_WQP-PJ398SM_Vertical_CircularHoles,4,AudioJack_Mono_3.5mm,
"J5, J6, J7",Jack_3.5mm_QingPu_WQP-PJ398SM_Vertical_CircularHoles,3,OUT,
J8,Jack_3.5mm_QingPu_WQP-PJ398SM_Vertical_CircularHoles,1,INV_OUT,
"R1, R2",0805,2,10R,
"R10, R11, R13, R14, R15, R17, R18, R5, R9",0805,9,100K [0.1%],
"R12, R16, R19, R6, R7, R8",0805,6,100R [0.1%],
R20,0805,1,5K1 [0.1%],
R3,0805,1,47K,
R4,0805,1,10K [0.1%],
RV1,Potentiometer_Bourns_3296W_Vertical,1,10K [25 TURN],
RV2,Potentiometer_TT_P0915N,1,R_Potentiometer,
RV3,Potentiometer_Bourns_3296W_Vertical,1,1K [25 TURN],
"SW1, SW2, SW3, SW4",SW_default,4,ON_OFF_ON,
"U1, U2",SOIC-14,2,OPA4171,
U3,SOT-23,1,LM4040DBZ-2.0,
